"Name","Gross Export","Share","Code","Sector"
"Horses","276271808","0.012995206647621946","0101","Agriculture"
"Bovine","286800640","0.013490459306909189","0102","Agriculture"
"Swine","23359764","0.0010987909429386288","0103","Agriculture"
"Sheep","3061406","0.00014400167679168231","0104","Agriculture"
"Fowl","235621632","0.011083113476746537","0105","Agriculture"
"Other live animals","103666384","0.004876234358634701","0106","Agriculture"
"Beef","3480355840","0.16370813828408384","0201","Agriculture"
"Beef (frozen)","2928618496","0.13775565021664382","0202","Agriculture"
"Pork","5844922880","0.27493207220410126","0203","Agriculture"
"Lamb","17378006","0.0008174224533746637","0204","Agriculture"
"Horse meat","54603","0.00000256840273973992","0205","Agriculture"
"Edible offal","1435667840","0.06753059746923232","0206","Agriculture"
"Poultry","3713814528","0.17468951172281957","0207","Agriculture"
"Other meat","6098782","0.0002868730362411682","0208","Agriculture"
"Pig and poultry fat","44297688","0.002083663960283211","0209","Agriculture"
"Preserved meat","259826848","0.012221672586875955","0210","Agriculture"
"Live Fish","36251016","0.0017051665441963932","0301","Agriculture"
"Fish, excluding fillets","191408800","0.009003440952517818","0302","Agriculture"
"Frozen fish, excluding fillets","1480900864","0.0696582575386117","0303","Agriculture"
"Fish fillets","1215520128","0.05717534250799806","0304","Agriculture"
"Preserved fish","31059306","0.0014609601418387366","0305","Agriculture"
"Crustaceans","629075584","0.02959030554088768","0306","Agriculture"
"Molluscs","245676992","0.011556095074334053","0307","Agriculture"
"Milk","121800160","0.005729206538922048","0401","Agriculture"
"Milk, concentrated","2128900096","0.10013868906834748","0402","Agriculture"
"Fermented milk products","92773504","0.004363857697358614","0403","Agriculture"
"Whey","722258752","0.0339734329146372","0404","Agriculture"
"Butter","100266448","0.004716308989381356","0405","Agriculture"
"Cheese","1572538880","0.07396870442538953","0406","Agriculture"
"Eggs, in shell","452537472","0.02128634842261006","0407","Agriculture"
"Egg yolks","91785336","0.004317376489393423","0408","Agriculture"
"Honey","24922360","0.0011722919565735322","0409","Agriculture"
"Edible animal products, n.e.c.","7636500","0.00035920384451447533","0410","Agriculture"
"Human hair, unworked","2753352","0.00012951150706496688","0501","Agriculture"
"Brushmaking hair","1078651","0.00005073732548803553","0502","Agriculture"
"Animal guts, except fish","527055904","0.02479152844769885","0504","Agriculture"
"Feathers and down","71597256","0.0033677744532033117","0505","Agriculture"
"Bones, simply prepared","48049820","0.0022601558400089736","0506","Agriculture"
"Whalebone & horns","3573732","0.00016810034356896548","0507","Agriculture"
"Coral and shells","3196435","0.00015035313831475504","0508","Agriculture"
"Animal products used in pharmaceuticals","20472646","0.0009629873830398606","0510","Agriculture"
"Animal products n.e.c.","443836096","0.020877055197734008","0511","Agriculture"
"Flower bulbs","9791676","0.000460578493215494","0601","Agriculture"
"Other live plants","309084416","0.01453863818591127","0602","Agriculture"
"Cut flowers","16411977","0.0007719826143499175","0603","Agriculture"
"Other parts of plants","90055624","0.004236014713671191","0604","Agriculture"
"Potatoes","241544816","0.01136172677663086","0701","Agriculture"
"Tomatoes","295417760","0.013895789318385986","0702","Agriculture"
"Onions, shallots, garlic","268942592","0.012650456753759965","0703","Agriculture"
"Cabbages, cauliflowers, broccoli","494022240","0.023237698930616488","0704","Agriculture"
"Lettuce","529621184","0.024912193469404615","0705","Agriculture"
"Carrots & turnips","141768864","0.006668489619753788","0706","Agriculture"
"Cucumbers","58184008","0.002736845330041379","0707","Agriculture"
"Legumes","122912080","0.005781508763605153","0708","Agriculture"
"Other vegetables","912020352","0.04289939327098082","0709","Agriculture"
"Frozen vegetables","267352560","0.012575665212176642","0710","Agriculture"
"Vegetables, provisionally preserved","9082186","0.0004272056737766706","0711","Agriculture"
"Vegetables, dried","231914960","0.010908759933532478","0712","Agriculture"
"Legumes, dried","914011392","0.04299304733011552","0713","Agriculture"
"Tubers","209763136","0.009866787780869867","0714","Agriculture"
"Cashew nuts & coconuts","36171456","0.0017014242201121175","0801","Agriculture"
"Other nuts","7581404160","0.3566122596857247","0802","Agriculture"
"Bananas and plantains","415152416","0.019527839178507533","0803","Agriculture"
"Avocados, pineapples, mangos, etc.","378661952","0.017811409537059612","0804","Agriculture"
"Citrus fruit","915706432","0.04307277821266719","0805","Agriculture"
"Grapes","1019878080","0.04797277905742705","0806","Agriculture"
"Melons and papayas","244510208","0.011501212170056181","0807","Agriculture"
"Apples & pears","974598592","0.04584293342562622","0808","Agriculture"
"Peaches & cherries","678567616","0.03191829980098503","0809","Agriculture"
"Other fresh fruit","1159600384","0.05454500308168165","0810","Agriculture"
"Fruits and nuts, frozen","236227696","0.011111621368951318","0811","Agriculture"
"Fruits and nuts, provisionally preserved","3838372","0.00018054841603833114","0812","Agriculture"
"Fruits, dried","222538192","0.010467697782714655","0813","Agriculture"
"Peel of citrus fruit or melons","2527746","0.0001188995064697292","0814","Agriculture"
"Coffee","763172224","0.03589791093923425","0901","Agriculture"
"Tea","87075152","0.004095819990844275","0902","Agriculture"
"Mate","1752861","0.00008245065279899007","0903","Agriculture"
"Pepper","59663160","0.002806421324937113","0904","Agriculture"
"Vanilla","17749640","0.0008349032838012063","0905","Agriculture"
"Cinnamon","14993398","0.00070525583761352","0906","Agriculture"
"Cloves","990453","0.00004658868924388079","0907","Agriculture"
"Nutmeg","5391936","0.00025362458463641744","0908","Agriculture"
"Anise, fennel, etc.","8815386","0.0004146559997484558","0909","Agriculture"
"Spices","60526228","0.002847018109285626","0910","Agriculture"
"Wheat and meslin","6645539840","0.31259129960087884","1001","Agriculture"
"Rye","5234783","0.0002462324597392809","1002","Agriculture"
"Barley","46336708","0.002179574891081601","1003","Agriculture"
"Oats","10861469","0.0005108991582367307","1004","Agriculture"
"Corn","9350675456","0.43983481602859226","1005","Agriculture"
"Rice","1853335424","0.08717674451328034","1006","Agriculture"
"Grain sorghum","1335465344","0.06281729663859704","1007","Agriculture"
"Other cereals","100436504","0.00472430804247934","1008","Agriculture"
"Wheat or meslin flour","143003568","0.00672656732860436","1101","Agriculture"
"Cereal flours","94785512","0.004458498044218285","1102","Agriculture"
"Cereal meals","89301280","0.004200532062602453","1103","Agriculture"
"Worked cereal grains","111781728","0.005257961951688781","1104","Agriculture"
"Potato flour","116954112","0.00550125930232129","1105","Agriculture"
"Flour of dried legumes","85070608","0.004001530733815738","1106","Agriculture"
"Malt","193560848","0.00910466846710954","1107","Agriculture"
"Starches","128291016","0.006034521857378127","1108","Agriculture"
"Wheat gluten","12755742","0.0006000015145727444","1109","Agriculture"
"Soya beans","24792752128","1.1661954927613487","1201","Agriculture"
"Peanuts","570315520","0.02682636382770538","1202","Agriculture"
"Copra","18150","8.537353208849246e-7","1203","Agriculture"
"Linseed","17715798","0.0008333114319703861","1204","Agriculture"
"Rape or colza seeds","97073520","0.004566120812486455","1205","Agriculture"
"Sunflower seeds","222863792","0.010483013276955984","1206","Agriculture"
"Other oil seeds","204892016","0.00963766121358232","1207","Agriculture"
"Flours of oil seeds","1033818048","0.04862848390886537","1208","Agriculture"
"Seeds used for sowing","974285632","0.045828212488655186","1209","Agriculture"
"Hop cones","211121584","0.009930686130136286","1210","Agriculture"
"Plants used in perfumery, pharmacy or insecticide","170146880","0.008003327889496903","1211","Agriculture"
"Seaweeds & edible vegetable products","8629287","0.0004059023198872237","1212","Agriculture"
"Cereal straw and husks","17469634","0.0008217324291312502","1213","Agriculture"
"Forage products","1550161280","0.07291611227571271","1214","Agriculture"
"Lac","39259828","0.0018466943171056172","1301","Agriculture"
"Vegetable saps and extracts","582853696","0.02741613152526305","1302","Agriculture"
"Vegetable materials used for plaiting","1388463","0.00006531018759459202","1401","Agriculture"
"Vegetable products n.e.c.","29267608","0.0013766826836040876","1404","Agriculture"
"Pig and poultry fat, rendered","298080352","0.014021031678468942","1501","Agriculture"
"Bovine, sheep and goat fats","311824192","0.014667511108363767","1502","Agriculture"
"Lard oil, tallow oil etc.","7801774","0.00036697796305022935","1503","Agriculture"
"Fish oils","160104608","0.007530961922095597","1504","Agriculture"
"Wool grease","8313156","0.0003910322261832748","1505","Agriculture"
"Other animal fats and oils","73951048","0.0034784915533915407","1506","Agriculture"
"Soybean oil","966195392","0.04544766573149618","1507","Agriculture"
"Peanut oil","23061326","0.0010847530882998268","1508","Agriculture"
"Olive oil","33701016","0.0015852202594439657","1509","Agriculture"
"Olive oil, blended","4179769","0.00019660696575426228","1510","Agriculture"
"Palm oil","100421768","0.004723614894066747","1511","Agriculture"
"Sunflower seed oil","117862880","0.005544005712243602","1512","Agriculture"
"Coconut & palm kernel oil","69113400","0.003250939433964085","1513","Agriculture"
"Rapeseed, colza or mustard oil,","112796880","0.005305712426535446","1514","Agriculture"
"Other vegetable fats and oils","537366848","0.025276532143812706","1515","Agriculture"
"Vegetable fats, hydrogenated","82733112","0.0038915801609437145","1516","Agriculture"
"Margarine","368916032","0.017352983303532406","1517","Agriculture"
"Animal or vegetable fats and oils, processed","286437504","0.013473378203356303","1518","Agriculture"
"Stearic acid","402428576","0.01892933826251368","1519","Agriculture"
"Glycerol","55481820","0.0026097404628638915","1520","Agriculture"
"Vegetable waxes and beeswax","25253870","0.001187885443968935","1521","Agriculture"
"Degras and wax residues","5496395","0.0002585381018752229","1522","Agriculture"
"Sausages","568527936","0.026742279882810135","1601","Agriculture"
"Other prepared or preserved meat","1248261120","0.058715405390158425","1602","Agriculture"
"Extracts and juices of meat or fish","14647252","0.0006889739055813969","1603","Agriculture"
"Prepared or preserved fish","317819936","0.01494953746802128","1604","Agriculture"
"Prepared aquatic invertibrates","259064512","0.012185814010039472","1605","Agriculture"
"Sugarcane & sucrose","94131048","0.004427713524491143","1701","Agriculture"
"Other sugars","1221242112","0.05744449181082662","1702","Agriculture"
"Molasses","40702620","0.0019145600190940582","1703","Agriculture"
"Confectionery sugar","446162976","0.02098650641775939","1704","Agriculture"
"Cocoa beans","30768724","0.0014472918158324893","1801","Agriculture"
"Cocoa residues","569265","0.00002677694972140808","1802","Agriculture"
"Cocoa paste","61908632","0.0029120432951000945","1803","Agriculture"
"Cocoa butter","94243576","0.004433006589405112","1804","Agriculture"
"Cocoa powder","93024048","0.004375642725580972","1805","Agriculture"
"Chocolates","1368401152","0.06436652322876146","1806","Agriculture"
"Malt extract","1091594880","0.051346176592459554","1901","Agriculture"
"Pasta","374630208","0.017621765335540832","1902","Agriculture"
"Tapioca","2300834","0.00010822607456159475","1903","Agriculture"
"Cereal foods","671516096","0.03158661210457035","1904","Agriculture"
"Bakery products","2017069440","0.09487842565319975","1905","Agriculture"
"Pickled fruits and vegetables","104360736","0.004908895120481924","2001","Agriculture"
"Tomatoes, prepared or preserved","298019872","0.014018186834821166","2002","Agriculture"
"Mushrooms, prepared or preserved","2129970","0.00010018901495455994","2003","Agriculture"
"Other vegetables, frozen","1071413248","0.0503968778557377","2004","Agriculture"
"Other vegetables, prepared or preserved","518227776","0.0243762730928287","2005","Agriculture"
"Vegetables, fruits and nuts, preserved by sugar","11369587","0.000534799890125293","2006","Agriculture"
"Jams, jellies and marmalades","119981176","0.005643645608402789","2007","Agriculture"
"Fruits and nuts, otherwise prepared","1601203456","0.07531702183527329","2008","Agriculture"
"Fruit juices","765961984","0.03602913499701893","2009","Agriculture"
"Coffee extracts","370001408","0.017404036957947875","2101","Agriculture"
"Yeasts","127601096","0.00600206956687758","2102","Agriculture"
"Sauces and seasonings","1653867776","0.07779423341292545","2103","Agriculture"
"Soups and broths","632795968","0.029765304065849398","2104","Agriculture"
"Ice cream","244617088","0.011506239565708863","2105","Agriculture"
"Food preparations n.e.c.","6130956800","0.2883864667206397","2106","Agriculture"
"Waters","171861952","0.00808400103243138","2201","Agriculture"
"Waters, flavored or sweetened","1269011968","0.05969147877175151","2202","Agriculture"
"Beer","628644416","0.029570024364533116","2203","Agriculture"
"Wine","1342296064","0.06313859839788492","2204","Agriculture"
"Wine, flavored","32788668","0.0015423054543454138","2205","Agriculture"
"Other fermented beverages","38305368","0.0018017986579115773","2206","Agriculture"
"Ethyl alcohol > 80%","2344473088","0.11027875945398075","2207","Agriculture"
"Spirits < 80% alcohol","1981461888","0.0932035262133845","2208","Agriculture"
"Vinegars","74135832","0.003487183378600048","2209","Agriculture"
"Flours of fish, for animal feed","730104128","0.03434246181804342","2301","Agriculture"
"Cereal residues","149689296","0.0070410489891789795","2302","Agriculture"
"Starch residues","2861242368","0.13458642816385794","2303","Agriculture"
"Solid soybean residues","3582027008","0.16849052215390342","2304","Agriculture"
"Solid peanut residues","1691616","0.00007956982526578913","2305","Agriculture"
"Solid vegetable oil and fat residues","45098896","0.002121350988876906","2306","Agriculture"
"Wine lees","4251560","0.0001999838534909923","2307","Agriculture"
"Vegetable materials for animal feeding","73380616","0.0034516597106056986","2308","Agriculture"
"Animal feed","3278846976","0.15422961295801238","2309","Agriculture"
"Unmanufactured tobacco","671706368","0.031595562072998754","2401","Agriculture"
"Cigars and cigarettes","190841024","0.008976734042019152","2402","Agriculture"
"Other manufactured tobacco","158902576","0.007474421030898135","2403","Agriculture"
"Salt","209296704","0.009844847864991575","2501","Minerals"
"Unroasted iron pyrites","1251202","0.000058853737794041844","2502","Minerals"
"Sulphur, crude","91817904","0.004318908415119626","2503","Minerals"
"Natural graphite","21162904","0.0009954555723028571","2504","Minerals"
"Natural sands","352985152","0.0166036304137925","2505","Minerals"
"Quartz","33659072","0.0015832473076919438","2506","Minerals"
"Kaolin","494497312","0.023260045252730177","2507","Minerals"
"Clays","328577120","0.015455531293589224","2508","Minerals"
"Chalk","1115714","0.00005248068593971365","2509","Minerals"
"Natural calcium phosphates","1698775","0.00007990656858051174","2510","Minerals"
"Natural barium sulfate","11373501","0.0005349839959129483","2511","Minerals"
"Siliceous fossil meals and earths","40326908","0.001896887368687429","2512","Minerals"
"Natural abrasives","18480582","0.0008692851572402294","2513","Minerals"
"Slate","548363","0.000025793766488507984","2514","Minerals"
"Marble","18310840","0.0008613008739984856","2515","Minerals"
"Granite","22242954","0.0010462587036153509","2516","Minerals"
"Gravel","45608944","0.0021453425036398106","2517","Minerals"
"Dolomite","10215917","0.0004805338390153585","2518","Minerals"
"Natural magnesia","51957792","0.002443978084054665","2519","Minerals"
"Gypsum","46141328","0.0021703846537816287","2520","Minerals"
"Limstone","11919251","0.0005606548527379041","2521","Minerals"
"Quicklime","34918316","0.001642479323141664","2522","Minerals"
"Cements","148261744","0.006973900142633529","2523","Minerals"
"Asbestos","93165","0.000004382272791748982","2524","Minerals"
"Mica","7297123","0.00034324031107117156","2525","Minerals"
"Natural steatite","92820152","0.004366051914727685","2526","Minerals"
"Natural borates","2598854","0.00012224426741724905","2528","Minerals"
"Feldspar","8703622","0.00040939887168215376","2529","Minerals"
"Mineral substances n.e.c.","98780160","0.0046463973330393505","2530","Minerals"
"Iron ores and concentrates","886659968","0.041706497647178896","2601","Minerals"
"Manganese > 47% by weight","2689388","0.00012650278386578876","2602","Minerals"
"Copper ore","2376323328","0.11177692335848002","2603","Minerals"
"Nickel ore","202601792","0.009529934209640814","2604","Minerals"
"Cobalt ore","649870","0.00003056842826355295","2605","Minerals"
"Aluminum ore","5566690","0.00026184462112489816","2606","Minerals"
"Lead ore","692851008","0.032590158547676225","2607","Minerals"
"Zinc ore","860794432","0.0404898408054808","2608","Minerals"
"Tin ore","3298854","0.00015517069852575855","2609","Minerals"
"Chromium ore","4956052","0.00023312157821170096","2610","Minerals"
"Tungsten ore","4172140","0.00019624811469293825","2611","Minerals"
"Uranium ore","1614963","0.00007596423994613117","2612","Minerals"
"Molybdenum ore","932440320","0.04385990279896649","2613","Minerals"
"Titanium ore","80224944","0.0037736015597143314","2614","Minerals"
"Zirconium ore","39615140","0.0018634073972342267","2615","Minerals"
"Precious metal ores","293510304","0.013806066863276682","2616","Minerals"
"Other ores","1607324","0.00007560491850721987","2617","Minerals"
"Granulated iron or steel slag","2397497","0.00011277288543336883","2618","Minerals"
"Iron or steel slag","9537272","0.00044861189924445214","2619","Minerals"
"Slag, ash and residues containing metals","1416949760","0.06665014093837009","2620","Minerals"
"Other slag and ash","55071336","0.0025904322155108263","2621","Minerals"
"Coal","6849371648","0.32217909100635733","2701","Minerals"
"Lignite","11033467","0.0005189895586621613","2702","Minerals"
"Peat","28387270","0.0013352735571623689","2703","Minerals"
"Coke","242999648","0.011430158813234366","2704","Minerals"
"Non-petroleum gases","433289","0.000020380943440821385","2705","Minerals"
"Tar distilled from coal, lignite etc.","45497120","0.0021400825533079847","2706","Minerals"
"Oils etc. from high temperature coal tar","1082898688","0.05093712721132473","2707","Minerals"
"Pitch and pitch coke","22196088","0.0010440542320148776","2708","Minerals"
"Petroleum oils, crude","48737878016","2.292520546955376","2709","Minerals"
"Petroleum oils, refined","58943705088","2.7725797783719033","2710","Minerals"
"Petroleum gases","32576303104","1.5323162856053998","2711","Minerals"
"Petroleum jelly","312984544","0.01472209146577751","2712","Minerals"
"Petroleum coke","2939659776","0.13827500728131492","2713","Minerals"
"Bitumen and asphalt, natural","128528408","0.006045688244997714","2714","Minerals"
"Bituminous mixtures","66770920","0.0031407544249025697","2715","Minerals"
"Electrical energy","295613216","0.013904983130555621","2716","Minerals"
"Iodine","79347528","0.0037323298776036113","2801","Chemicals"
"Sulfur, sublimed or precipitated","1528005","0.00007187393052279721","2802","Chemicals"
"Carbon","250979568","0.011805516364850676","2803","Chemicals"
"Silicon & rare gases","1356976128","0.06382911570640566","2804","Chemicals"
"Rare-earth metals","43905208","0.002065202580738257","2805","Chemicals"
"Hydrochloric acid","19424930","0.0009137051706180276","2806","Chemicals"
"Sulfiric acid, oleum","25162182","0.001183572645946825","2807","Chemicals"
"Sulfonitric acids","10135126","0.0004767336114500905","2808","Chemicals"
"Phosphoric acid etc.","217954816","0.010252106048274088","2809","Chemicals"
"Oxides of boron; boric acids","162520288","0.007644590095095889","2810","Chemicals"
"Other inorganic acids","333806720","0.015701519956625026","2811","Chemicals"
"Halides of nonmetals","94038544","0.004423362343657912","2812","Chemicals"
"Sulfides of nonmetals","24946818","0.0011734424060764635","2813","Chemicals"
"Ammonia","110388464","0.0051924259358145436","2814","Chemicals"
"Sodium hydroxide","985546944","0.04635791936545437","2815","Chemicals"
"Hydroxides or peroxides of magnesium","18887014","0.0008884028075949347","2816","Chemicals"
"Zinc oxide or peroxide","58181772","0.0027367401536128664","2817","Chemicals"
"Aluminum oxide","438143232","0.02060927563443956","2818","Chemicals"
"Chromium oxides and hydroxides","53294592","0.002506858159920173","2819","Chemicals"
"Manganese oxides","22364564","0.0010519789654540735","2820","Chemicals"
"Iron oxides and hydroxides","47664916","0.0022420508185241315","2821","Chemicals"
"Cobalt oxides and hydroxides","3125081","0.00014699680607858852","2822","Chemicals"
"Titanium oxides","19271910","0.0009065074527777074","2823","Chemicals"
"Lead oxides","12098018","0.000569063651752154","2824","Chemicals"
"Metal base oxides, n.e.c.","434427008","0.020434472786554147","2825","Chemicals"
"Flourides","143982112","0.006772595845179568","2826","Chemicals"
"Chlorides, bromides, iodides etc.","279443680","0.013144404397469103","2827","Chemicals"
"Hyopchlorites","62866704","0.002957108854678654","2828","Chemicals"
"Sodium chlorate","45962168","0.0021619573689281996","2829","Chemicals"
"Sulfides; polysulfides","80221624","0.0037734453943553594","2830","Chemicals"
"Dithionites and sulfoxylates","1248026","0.00005870434587232667","2831","Chemicals"
"Sulfites","40726296","0.0019156736850696654","2832","Chemicals"
"Sulfates","204263520","0.009608098170373787","2833","Chemicals"
"Nitrites, nitrates","34125468","0.0016051855302109217","2834","Chemicals"
"Phosphates","248074800","0.011668882588510386","2835","Chemicals"
"Carbonates","1317820416","0.061987318772587605","2836","Chemicals"
"Cyanides","224934576","0.010580418315122561","2837","Chemicals"
"Silicates","58337088","0.0027440458701472226","2839","Chemicals"
"Borates","305631008","0.014376197613623305","2840","Chemicals"
"Salts of oxometallic acids","82142968","0.003863821109857857","2841","Chemicals"
"Other salts of acids","159926320","0.007522575654167777","2842","Chemicals"
"Compounds of precious metals","1539366400","0.07240834531479182","2843","Chemicals"
"Uranium","586292224","0.027577872175701165","2844","Chemicals"
"Non-radioactive isotopes","186245472","0.008760569575828334","2845","Chemicals"
"Compounds of rare-earth metals","111801296","0.00525888238655154","2846","Chemicals"
"Hydrogen peroxide","46655428","0.0021945667655428928","2847","Chemicals"
"Phosphides","19409","9.129558591215153e-7","2848","Chemicals"
"Carbides","58388956","0.0027464856246168456","2849","Chemicals"
"Hydrides, nitrides, azides, silicides and borides","246171872","0.011579373120372596","2850","Chemicals"
"Inorganic compounds, liquid or compressed air","104081648","0.004895767446474479","2851","Chemicals"
"Acyclic hydrocarbons","3369741312","0.15850507880438056","2901","Chemicals"
"Cyclic hydrocarbons","2804581120","0.13192121005129484","2902","Chemicals"
"Halogenated derivatives of hydrocarbons","2251216384","0.10589217311160551","2903","Chemicals"
"Sulfonated, nitrated derivatives of hydrocarbons","115935824","0.005453361317063259","2904","Chemicals"
"Acyclic alcohols","2872682240","0.13512453410285533","2905","Chemicals"
"Cyclic alcohols","155920528","0.007334152176563464","2906","Chemicals"
"Phenols, phenol-alcohols","519407616","0.024431770122084504","2907","Chemicals"
"Derivatives of phenols","76367888","0.003592174290191955","2908","Chemicals"
"Ethers","2056568320","0.09673636444060443","2909","Chemicals"
"Epoxides","410212288","0.019295466629565793","2910","Chemicals"
"Acetals and hemiacetals","6569756","0.0003090265976195956","2911","Chemicals"
"Aldehydes","230729376","0.010852992719390548","2912","Chemicals"
"Derivatives of aldehydes","797793","0.000037526394647644445","2913","Chemicals"
"Ketones and quinones","417431776","0.01963505516423824","2914","Chemicals"
"Saturated acyclic monocarboxylic acids","1711083008","0.08048550969121884","2915","Chemicals"
"Unsaturated acyclic monocarboxylic acids","839974400","0.03951051316358799","2916","Chemicals"
"Polycarboxylic acids","595439232","0.028008126931074","2917","Chemicals"
"Carboxylic acids with additional oxygen function","388641248","0.01828081325456736","2918","Chemicals"
"Phosporic esters","41138976","0.0019350852273408933","2919","Chemicals"
"Esters of other inorganic acids of nonmetals","154774896","0.007280264214958173","2920","Chemicals"
"Amine-function compounds","984750208","0.0463204426897177","2921","Chemicals"
"Oxygen-function amino-compounds","824199808","0.038768511711083926","2922","Chemicals"
"Quaternary ammonium salts and hydroxides","295087552","0.013880257074152445","2923","Chemicals"
"Carboxyamide-function compounds","468691904","0.02204621669738878","2924","Chemicals"
"Carboxyimide-function compounds","86074920","0.004048771319357808","2925","Chemicals"
"Nitrile-function compounds","1136650496","0.05346549178713878","2926","Chemicals"
"Diazo-, azo-, or azoxy-compounds","19669180","0.000925194143186961","2927","Chemicals"
"Organix derivatives of hydrazine","67398728","0.0031702851061331","2928","Chemicals"
"Isocyanates","370894080","0.017446026248105727","2929","Chemicals"
"Organo-sulfur compounds","709152384","0.03335693873887324","2930","Chemicals"
"Other organo-inorganic compounds","1234113408","0.058049928726571234","2931","Chemicals"
"Heterocyclic compounds with oxygen hetero-atom(s) only","578929472","0.027231544823562534","2932","Chemicals"
"Heterocyclic compounds with nitrogen hetero-atom(s) only","2744246272","0.12908319402827428","2933","Chemicals"
"Nucleic acids and their salts","1223309312","0.05754172826566592","2934","Chemicals"
"Sulfonamides","354968960","0.016696944295856088","2935","Chemicals"
"Vitamins","838152320","0.039424806604167716","2936","Chemicals"
"Hormones","2149286400","0.1010976151172234","2937","Chemicals"
"Glycosides","42819352","0.0020141263481985973","2938","Chemicals"
"Vegetable alkaloids","70185632","0.003301374824078856","2939","Chemicals"
"Other sugars, chemically pure","133659088","0.006287023932940296","2940","Chemicals"
"Antibiotics","455739008","0.021436941500532082","2941","Chemicals"
"Other organic compounds","131429040","0.006182127473167911","2942","Chemicals"
"Heparin for therapeutic use","591363264","0.027816402531713302","3001","Chemicals"
"Serums and vaccines","25680883712","1.2079712119268737","3002","Chemicals"
"Medicaments, not packaged","1459453952","0.06864944286652845","3003","Chemicals"
"Medicaments, packaged","22665367552","1.0661280903571064","3004","Chemicals"
"Wadding, gauze and bandages","781881280","0.036777943001361744","3005","Chemicals"
"Pharmaceutical goods","1533673856","0.07214058080358016","3006","Chemicals"
"Animal or vegetable fertilizers","35747496","0.001681482091922455","3101","Chemicals"
"Nitrogenous fertilizers","600869056","0.028263533682313047","3102","Chemicals"
"Phosphatic fertilizers","8471761","0.00039849264990608215","3103","Chemicals"
"Potassic fertilizers","893438656","0.042025351937804725","3104","Chemicals"
"Mixed fertilizers","2054873984","0.09665666667263491","3105","Chemicals"
"Vegetable tanning extracts","4037878","0.0001899327311308087","3201","Chemicals"
"Synthetic tanning substances","12690102","0.0005969139560899407","3202","Chemicals"
"Coloring matter of animal or vegetable origin","132449976","0.006230150014411051","3203","Chemicals"
"Synthetic organic coloring matter","779875712","0.03668360557766827","3204","Chemicals"
"Color lakes","34952784","0.001644100620609447","3205","Chemicals"
"Other coloring matter","1547773056","0.072803775571416","3206","Chemicals"
"Prepared pigments","232215248","0.010922884808024924","3207","Chemicals"
"Paints and varnishes, nonaqueous","1225347328","0.05763759197055455","3208","Chemicals"
"Paints and varnishes, aqueous","869998720","0.04092278988367348","3209","Chemicals"
"Other paints and varnishes","56700824","0.0026670796789024596","3210","Chemicals"
"Prepared driers","10244689","0.0004818872094094357","3211","Chemicals"
"Pigments, nonaqueous","189318112","0.00890509967480155","3212","Chemicals"
"Artists' colors","53484104","0.0025157723796519387","3213","Chemicals"
"Glaziers' putty","826770112","0.03888941305048954","3214","Chemicals"
"Ink","720500224","0.03389071569885951","3215","Chemicals"
"Essential oils","783244480","0.036842064874057626","3301","Chemicals"
"Mixtures of odoriferous subtances","2101545216","0.09885197682291672","3302","Chemicals"
"Perfumes","1186007808","0.0557871491203805","3303","Chemicals"
"Make-up preparations","5008973312","0.23561087811704373","3304","Chemicals"
"Hair products","1322236160","0.06219502547345733","3305","Chemicals"
"Dental hygiene products","479390880","0.022549472549096772","3306","Chemicals"
"Toiletries","1135552128","0.053413827018161934","3307","Chemicals"
"Soap","512868512","0.02412418532584539","3401","Chemicals"
"Cleaning products","3934216960","0.18505674814195663","3402","Chemicals"
"Lubricants","1309403904","0.061591424911813394","3403","Chemicals"
"Artificial and prepared waxes","416023680","0.01956882148432657","3404","Chemicals"
"Polishes and creams","391117760","0.0183973028285065","3405","Chemicals"
"Candles","204037760","0.009597478925963706","3406","Chemicals"
"Modeling pastes","58500904","0.0027517514076307536","3407","Chemicals"
"Casein","32388736","0.0015234935494224304","3501","Chemicals"
"Albumins","401797504","0.018899654050038666","3502","Chemicals"
"Gelatin","142201152","0.006688823478398124","3503","Chemicals"
"Peptones","560837696","0.026380548229141695","3504","Chemicals"
"Dextrins and other modified starches","379059840","0.017830125296803757","3505","Chemicals"
"Glues and adhesives","1379000576","0.06486509637751273","3506","Chemicals"
"Enzymes","784312640","0.03689230872641887","3507","Chemicals"
"Propellant powders","67975680","0.0031974236351058377","3601","Chemicals"
"Prepared explosives, except gunpowder","187119168","0.008801666277476592","3602","Chemicals"
"Detonators","235752784","0.011089282572879028","3603","Chemicals"
"Fireworks","68003608","0.0031987373056315497","3604","Chemicals"
"Matches","1256036","0.000059081118319725476","3605","Chemicals"
"Ferrocerium and other pyrophoric alloys","27141962","0.0012766970599182607","3606","Chemicals"
"Photographic plates","400802912","0.018852870671511417","3701","Chemicals"
"Photographic film in rolls","449813440","0.021158216062630953","3702","Chemicals"
"Photographic paper","71395032","0.003358262289482615","3703","Chemicals"
"Photographic film, not developed","2726730","0.00012825926785215154","3704","Chemicals"
"Photographic film, developed","525436320","0.024715346846269637","3705","Chemicals"
"Motion-picture film","1313976","0.00006180648606033553","3706","Chemicals"
"Chemical preparations for photographic uses","534783488","0.02515501667942916","3707","Chemicals"
"Artificial graphite","138515600","0.006515463372648368","3801","Chemicals"
"Activated carbon","350323616","0.016478437725582763","3802","Chemicals"
"Tall oil","175138912","0.008238141886267581","3803","Chemicals"
"Residual lyes","62630872","0.00294601584596268","3804","Chemicals"
"Turpentines","39618396","0.00186356055217664","3805","Chemicals"
"Rosin and resin acids","99567376","0.004683426209312945","3806","Chemicals"
"Wood tar and oils","36291432","0.0017070676222530811","3807","Chemicals"
"Insecticides, rodenticides, fungicides, etc.","4393303040","0.20665112840766472","3808","Chemicals"
"Finishing agents","415642592","0.01955089595892903","3809","Chemicals"
"Pickling preparations for metal surfaces","182065344","0.00856394572351869","3810","Chemicals"
"Anti-knock","2605976832","0.12257930947031402","3811","Chemicals"
"Stabilizers for rubber or plastic","418706496","0.019695015136042007","3812","Chemicals"
"Preparations for fire extinguishers","52947968","0.0024905537438393785","3813","Chemicals"
"Organic composite solvents and thinners","182388624","0.008579152090159773","3814","Chemicals"
"Catalytic preparations","4167933696","0.1960502595802562","3815","Chemicals"
"Refractory cements","178497712","0.008396132310277955","3816","Chemicals"
"Mixed alkylbenzenes","194735584","0.009159925415644804","3817","Chemicals"
"Chemical elements for electronics","1234082688","0.05804848372662316","3818","Chemicals"
"Hydraulic fluids","104080944","0.0048957343318923345","3819","Chemicals"
"Antifreezing preparation","143665616","0.006757708582693684","3820","Chemicals"
"Prepared culture media for micro-organisms","846229760","0.039804751278015034","3821","Chemicals"
"Diagnostic or laboratory reagents","8968274944","0.42184755300826826","3822","Chemicals"
"Industrial monocarboxylic fatty acids","5816941056","0.2736158699180635","3823","Chemicals"
"Polymers of ethylene","10581500928","0.4977300876148875","3901","Chemicals"
"Polymers of propylene","3107250176","0.14615808408138287","3902","Chemicals"
"Polymers of styrene","1062431616","0.04997440201675202","3903","Chemicals"
"Polymers of vinyl chloride","3112768256","0.14641764219705605","3904","Chemicals"
"Polymers of vinyl acetate","726168128","0.034157321199696146","3905","Chemicals"
"Acrylic polymers","1518753536","0.07143876239129884","3906","Chemicals"
"Polyacetals","5119803904","0.2408241007630485","3907","Chemicals"
"Polyamides","2009486848","0.0945217575201827","3908","Chemicals"
"Amino-resins","1353482240","0.06366477104564444","3909","Chemicals"
"Silicones in primary forms","1108750848","0.052153154875962116","3910","Chemicals"
"Petroleum resins","1014328512","0.04771173981680706","3911","Chemicals"
"Cellulose n.e.c.","1204000256","0.05663347354830257","3912","Chemicals"
"Natural polymers","328703232","0.015461463319417732","3913","Chemicals"
"Ion-exchangers based on polymers","215986560","0.010159523697434218","3914","Chemicals"
"Plastic waste","221951168","0.010440085489436023","3915","Chemicals"
"Monofilament","368458752","0.017331473877221976","3916","Chemicals"
"Plastic tubes and fittings","2688791296","0.12647471624700563","3917","Chemicals"
"Plastic floor coverings","244795952","0.01151465292738571","3918","Chemicals"
"Self-adhesive plastic sheets","2424508160","0.11404342986037015","3919","Chemicals"
"Other plates of plastics, noncellular and not reinforced","4874354176","0.22927869567791365","3920","Chemicals"
"Other plastic plates, sheets etc.","2633315840","0.1238652751324383","3921","Chemicals"
"Baths, sinks etc.","112679624","0.005300196967098218","3922","Chemicals"
"Packing lids","5191381504","0.24419095064206628","3923","Chemicals"
"Plastic household articles","770959808","0.03626422143648815","3924","Chemicals"
"Plastic builders' ware","575761856","0.027082547266416516","3925","Chemicals"
"Other articles of plastic","6840267264","0.32175084118841246","3926","Chemicals"
"Natural rubber","54424988","0.0025600294542335086","4001","Chemicals"
"Synthetic rubber","1874112896","0.08815407022816173","4002","Chemicals"
"Reclaimed rubber","21877012","0.0010290456121114793","4003","Chemicals"
"Scrap of rubber","26655966","0.0012538368973282448","4004","Chemicals"
"Compounded rubber","634044160","0.02982401621998967","4005","Chemicals"
"Unvulcanized rubber rods","81675056","0.0038418115780966496","4006","Chemicals"
"Vulcanized rubber thread and cord","9237139","0.00043449431560460897","4007","Chemicals"
"Vulcanized rubber plates","344158528","0.01618844580371148","4008","Chemicals"
"Vulcanized rubber tubes","839062592","0.039467623758879154","4009","Chemicals"
"Conveyor belts of vulcanized rubber","378679072","0.01781221482348901","4010","Chemicals"
"New pneumatic tires of rubber","3934607360","0.18507511168296345","4011","Chemicals"
"Used pneumatic tires of rubber","134930640","0.006346834889124422","4012","Chemicals"
"Rubber inner tubes","12776027","0.0006009556755085103","4013","Chemicals"
"Rubber hygenic or pharmeceutical items","51100624","0.0024036588224826383","4014","Chemicals"
"Vulcanized rubber articles of apparel","203746336","0.00958377099416461","4015","Chemicals"
"Other articles of vulcanized rubber","2456344320","0.11554093147322657","4016","Chemicals"
"Hard rubber","8897095","0.00041849940797623463","4017","Chemicals"
"Raw hides of bovines or equines","77526376","0.003646666969223434","4101","Agriculture"
"Raw skins of sheep or lambs","3791927","0.00017836374733428152","4102","Agriculture"
"Other raw hides and skins","116965616","0.005501800424697679","4103","Agriculture"
"Tanned hides of bovines or equines","1118755328","0.05262374319238563","4104","Agriculture"
"Tanned sheepskins","1212576","0.00005703685732547429","4105","Agriculture"
"Tanned skins of other animals","883874","0.000041575451956575315","4106","Agriculture"
"Bovine leather further prepared","39452124","0.001855739489957677","4107","Agriculture"
"Chamois leather","896657","0.000042176735626375424","4108","Agriculture"
"Patent leather","3808716","0.00017915346426553976","4109","Agriculture"
"Waste of leather","244544","0.000011502801669999064","4110","Agriculture"
"Composition leather","3043819","0.00014317442372896035","4111","Agriculture"
"Saddlery and harnesses","53948792","0.0025376302616790117","4201","Agriculture"
"Trunks or cases","937814784","0.044112705539882446","4202","Agriculture"
"Leather apparel","119257328","0.0056095974208241715","4203","Agriculture"
"Other articles of leather","101490936","0.00477390616048878","4205","Agriculture"
"Articles of gut","3859063","0.00018152167430413995","4206","Agriculture"
"Other raw furskins","114150272","0.005369372952893743","4301","Agriculture"
"Other tanned furskins","13087842","0.0006156227542457958","4302","Agriculture"
"Furskin apparel","24416876","0.0011485151221414553","4303","Agriculture"
"Artificial fur","719963","0.000033865445885965454","4304","Agriculture"
"Fuel wood","1412648192","0.0664478048206407","4401","Agriculture"
"Wood charcoal","20945086","0.0009852099017725808","4402","Agriculture"
"Wood in the rough","1571588608","0.07392400576032905","4403","Agriculture"
"Strips and other pieces of wood","5126724","0.0002411496065690603","4404","Agriculture"
"Wood wool or flour","6761993","0.00031806899524389063","4405","Agriculture"
"Wooden railway ties","155555696","0.007316991296971779","4406","Agriculture"
"Wood sawn lengthwise","2503766016","0.11777154176807324","4407","Agriculture"
"Sheets for veneering for plywood","273506752","0.012865144610628845","4408","Agriculture"
"Wood shaped along its edges","194527840","0.009150153603495938","4409","Agriculture"
"Particle board and similar board","184308688","0.0086694675973311","4410","Agriculture"
"Fiberboard of wood","214926832","0.010109676467454561","4411","Agriculture"
"Plywood","224591200","0.01056426667768211","4412","Agriculture"
"Densified wood","5791645","0.00027242600013920493","4413","Agriculture"
"Wooden frames","17702338","0.000832678303737928","4414","Agriculture"
"Packing boxes","133901744","0.00629843792732182","4415","Agriculture"
"Casks, barrels, etc. of wood","197474032","0.009288735871953713","4416","Agriculture"
"Wooden tools","22793432","0.0010721519549635654","4417","Agriculture"
"Wood carpentry for construction","390038432","0.018346533658455805","4418","Agriculture"
"Wooden kitchenware","26097170","0.001227552385902944","4419","Agriculture"
"Wood marquetry, ornaments, etc.","28066006","0.0013201620186428773","4420","Agriculture"
"Other articles of wood","135492192","0.006373249036612773","4421","Agriculture"
"Natural cork, raw","2096591","0.00009861894160603004","4501","Agriculture"
"Natural cork, debacked","606780","0.00002854157124003056","4502","Agriculture"
"Articles of natural cork","10242041","0.00048176265342432805","4503","Agriculture"
"Agglomerated cork","8016327","0.00037707005529826366","4504","Agriculture"
"Products of plaiting materials","7547108","0.0003549990451864012","4601","Agriculture"
"Basketwork","13514280","0.0006356814420015824","4602","Agriculture"
"Mechanical woodpulp","28227562","0.0013277612507916862","4701","Agriculture"
"Chemical woodpulp, dissolving grade","663909888","0.03122883312784322","4702","Agriculture"
"Chemical woodpulp, soda or sulfate","4012023552","0.18871659584377937","4703","Agriculture"
"Chemical woodpulp, sulfite","44415044","0.0020891841234963113","4704","Agriculture"
"Semichemical woodpulp","74119712","0.0034864251299293776","4705","Agriculture"
"Pulps of recovered paper fibers","244046560","0.011479403207298183","4706","Agriculture"
"Paper waste","2384453376","0.1121593425947384","4707","Agriculture"
"Newsprint","89362624","0.004203417546873767","4801","Agriculture"
"Paper used for graphic purposes","380213216","0.017884377518812625","4802","Agriculture"
"Tissue","236066864","0.011104056192139828","4803","Agriculture"
"Uncoated kraft paper and paperboard","3088862720","0.14529317936246178","4804","Agriculture"
"Other uncoated paper and paperboard","1116450560","0.05251533207128121","4805","Agriculture"
"Transparent paper","65489972","0.003080501501937451","4806","Agriculture"
"Uncoated composite paper","46702672","0.0021967890174161646","4807","Agriculture"
"Corrugated paper and paperboard","467726432","0.022000803058395642","4808","Agriculture"
"Carbon paper","33105124","0.0015571908353209487","4809","Agriculture"
"Paper and paperboard, coated with kaolin","1808956288","0.08508924942162437","4810","Agriculture"
"Cellulose wadding, coated","1912758400","0.08997186812117548","4811","Agriculture"
"Filter blocks of paper pulp","2400252","0.00011290247445866017","4812","Agriculture"
"Cigarette paper","25932976","0.0012198290681466144","4813","Agriculture"
"Wallpaper","43012792","0.0020232253322466404","4814","Agriculture"
"Other carbon paper","61658988","0.0029003006008605906","4816","Agriculture"
"Letterstock","41954684","0.001973454303436122","4817","Agriculture"
"Toilet paper","1648172416","0.07752633644338522","4818","Agriculture"
"Cardboard packing containers","1862140672","0.08759092364423081","4819","Agriculture"
"Notebooks","149360256","0.00702557168504763","4820","Agriculture"
"Paper labels","468854944","0.022053885733571536","4821","Agriculture"
"Bobbins, spools, cops of paper","19990874","0.0009403259079427052","4822","Agriculture"
"Other paper cut to size","1097027456","0.05160171279161061","4823","Agriculture"
"Books, brochures etc.","1908164480","0.08975578042060692","4901","Agriculture"
"Newspapers, journals and periodicals","359186048","0.016895306663728262","4902","Agriculture"
"Children's books","37659972","0.0017714406765805663","4903","Agriculture"
"Music, printed or in manuscript","14842234","0.0006981454218533961","4904","Agriculture"
"Maps","14426193","0.0006785757856750884","4905","Agriculture"
"Architectural, engineering, etc. drawings","4911318","0.0002310173911128323","4906","Agriculture"
"Unused stamps","244591664","0.011505043677731001","4907","Agriculture"
"Transfers (decalcomanias)","65667096","0.0030888330179141134","4908","Agriculture"
"Printed or illustrated postcards","63094020","0.0029678012898413145","4909","Agriculture"
"Calendars","19751396","0.0009290613995584141","4910","Agriculture"
"Other printed matter","1080834304","0.05084002321481401","4911","Agriculture"
"Silkworm cocoons","43852","0.0000020626997956719406","5001","Textiles"
"Raw silk","160906","0.000007568657605636898","5002","Textiles"
"Silk waste","97522","0.00000458721630652009","5003","Textiles"
"Silk yarn","499513","0.000023495971974721288","5004","Textiles"
"Yarn from silk waste","57934","0.0000027250855140576983","5005","Textiles"
"Silk yarn, for retail sale","408895","0.000019233504354448556","5006","Textiles"
"Woven silk fabrics","3433034","0.00016148222499167255","5007","Textiles"
"Wool","8732606","0.00041076221408108094","5101","Textiles"
"Animal hair","1883355","0.00008858879808623843","5102","Textiles"
"Wool or animal hair waste","893948","0.00004204931033798549","5103","Textiles"
"Garnetted stock of wool or animal hair","47003","0.0000022109157734189592","5104","Textiles"
"Wool, combed","4379972","0.00020602406616457218","5105","Textiles"
"Yarn of carded wool, not for retail sale","267035","0.000012560727901515474","5106","Textiles"
"Yarn of combed wool, not for retail sale","1839510","0.00008652642755487756","5107","Textiles"
"Yarn of animal hair, not for retail sale","252109","0.000011858642314764599","5108","Textiles"
"Yarn of wool or animal hair, for retail sale","6241955","0.0002936075732713091","5109","Textiles"
"Yarn of coarse animal hair or of horsehair","24999","0.0000011758969304023268","5110","Textiles"
"Woven fabrics of carded wool","11429123","0.0005376003301288305","5111","Textiles"
"Woven fabrics of combed wool","11097420","0.0005219977644459934","5112","Textiles"
"Woven fabrics of coarse animal hair","94164","0.0000044292635127166965","5113","Textiles"
"Raw cotton","5741282304","0.27005705179594375","5201","Textiles"
"Cotton waste","13730126","0.00064583435407165","5202","Textiles"
"Cotton, carded or combed","40389896","0.00189985018303409","5203","Textiles"
"Cotton sewing thread","3417850","0.00016076800366317023","5204","Textiles"
"Cotton yarn of > 85%","735434432","0.03459318737153401","5205","Textiles"
"Cotton yarn of < 85%","57236600","0.0026922813811218775","5206","Textiles"
"Cotton yarn for retail sale","11526171","0.0005421652505377142","5207","Textiles"
"Woven fabrics of cotton of > 85% weighing < 200 g/m2","60493796","0.00284549258069461","5208","Textiles"
"Woven fabrics of cotton of < 85% weighing > 200 g/m2","184046496","0.008657134673295097","5209","Textiles"
"Woven fabrics of cotton of < 85% weighing < 200 g/m2","17549928","0.0008255092789304311","5210","Textiles"
"Woven fabrics of cotton of < 85% weighing > 200 g/m2","22872064","0.001075850628007743","5211","Textiles"
"Other woven cotton fabrics","5644168","0.00026548901259550547","5212","Textiles"
"Flax, raw or processed","2037551","0.00009584183233082089","5301","Textiles"
"Hemp fiber","6113502","0.0002875654320496214","5302","Textiles"
"Textile bast fibers","1797694","0.00008455949663597266","5303","Textiles"
"Vegetable textile fibers","1788073","0.00008410694635926555","5305","Textiles"
"Flax yarn","588153","0.000027665398908233116","5306","Textiles"
"Yarn of textile bast fibers","750265","0.000035290784050894104","5307","Textiles"
"Yarn of other vegetable textile fibers","3443087","0.00016195509558014946","5308","Textiles"
"Woven fabrics of flax","4355712","0.0002048829301378687","5309","Textiles"
"Woven fabrics of jute or of other textile bast fibers","1321686","0.0000621691471801164","5310","Textiles"
"Woven fabrics of vegetable textile fibers","903059","0.000042477871357742105","5311","Textiles"
"Synthetic sowing thread","82622680","0.003886385687172036","5401","Textiles"
"Synthetic filament yarn","679484736","0.03196143907026823","5402","Textiles"
"Artificial filament yarn","98897064","0.0046518962351855065","5403","Textiles"
"Synthetic monofilament >67 dtex, thickness < 1mm","137232944","0.006455130109191344","5404","Textiles"
"Artificial monofilament >67dtex t<1mm, strip, straws t<5mm","760310","0.000035763278337301215","5405","Textiles"
"Synthetic filament yarn for retail sale","4569132","0.000214921728605266","5406","Textiles"
"Woven fabrics of synthetic filament yarn","368720768","0.017343798522612447","5407","Textiles"
"Woven fabrics of artificial filament yarn","12679595","0.000596419730359002","5408","Textiles"
"Synthetic filament tow","51305088","0.0024132763507828813","5501","Textiles"
"Artificial filament tow","571474816","0.02688089451324591","5502","Textiles"
"Synthetic staple fibers","221961104","0.01044055285660673","5503","Textiles"
"Artificial staple fibers, not processed for spinning","43143212","0.002029359996739743","5504","Textiles"
"Waste of man-made fibers","18390386","0.0008650425395541392","5505","Textiles"
"Synthetic staple fibers, processed","13494943","0.0006347718728610892","5506","Textiles"
"Artificial staple fibers, processed","832120","0.000039141059791447025","5507","Textiles"
"Synthetic staple fibers sewing thread","11326297","0.0005327636255500253","5508","Textiles"
"Yarn of synthetic staple fibers, not for retail sale","366551616","0.017241766474195466","5509","Textiles"
"Yarn of artificial staple fibers, not for retail sale","4103060","0.00019299874632011565","5510","Textiles"
"Yarn of synthetic staple fibers, for retail sale","25325462","0.0011912529711916786","5511","Textiles"
"Woven fabrics of > 85% synthetic staple fibers","192033680","0.009032833907190795","5512","Textiles"
"Woven fabrics of < 85% synthetic staple fibers weighing < 170 g/m2","107265024","0.0050455063186980245","5513","Textiles"
"Woven fabrics of < 85% synthetic staple fibers weighing > 170 g/m2","93322568","0.0043896844373159894","5514","Textiles"
"Other woven fabrics of synthetic staple fibers","72159504","0.0033942213389717354","5515","Textiles"
"Woven fabrics of artificial staple fibers","13669686","0.0006429913919342238","5516","Textiles"
"Wadding of textile materials","110745032","0.0052091980953681135","5601","Textiles"
"Felt","113675096","0.0053470217388531475","5602","Textiles"
"Nonwoven textiles","1833281280","0.086233442526343","5603","Textiles"
"Rubber textiles","21912178","0.0010306997419348533","5604","Textiles"
"Metallised yarn","16251000","0.0007644106170634111","5605","Textiles"
"Gimp yarn","26771590","0.001259275591143231","5606","Textiles"
"Twine and ropes of baste fibers","154132432","0.007250044148335748","5607","Textiles"
"Nets","15259208","0.0007177589442605956","5608","Textiles"
"Articles of yarn, rope etc not elsewhere clasified","34510072","0.0016232764403681461","5609","Textiles"
"Carpets, knotted","35973028","0.001692090611723547","5701","Textiles"
"Woven carpets and rugs","116873496","0.0054974673063638","5702","Textiles"
"Carpets, tufted","521189344","0.024515578613864653","5703","Textiles"
"Carpets of felt","23723054","0.001115879290306358","5704","Textiles"
"Other carpets","56232664","0.0026450584817770883","5705","Textiles"
"Woven pile fabrics","38468696","0.0018094812409688496","5801","Textiles"
"Terry cloth","1153683","0.00005426666260079793","5802","Textiles"
"Gauze","2365169","0.00011125224876926041","5803","Textiles"
"Lace and net fabrics","13932187","0.0006553388506376736","5804","Textiles"
"Hand-woven tapestries","1330190","0.00006256915628032606","5805","Textiles"
"Narrow woven fabrics","219326480","0.010316626048559836","5806","Textiles"
"Labels and badges of textiles","26661062","0.0012540766017467145","5807","Textiles"
"Braids in piece","9117800","0.0004288808765159541","5808","Textiles"
"Woven fabric incorporating metal threads","1542997","0.00007257912060162404","5809","Textiles"
"Embroidery in the piece","8922246","0.0004196824546459634","5810","Textiles"
"Quilted textile products","16697355","0.0007854061558597522","5811","Textiles"
"Stiffened textiles","16995962","0.0007994519598797788","5901","Textiles"
"Tire cord fabric","67904352","0.0031940685258513984","5902","Textiles"
"Textile fabrics impregnated with plastics","874932544","0.04115486590658421","5903","Textiles"
"Linoleum","5073934","0.0002386664832858914","5904","Textiles"
"Textile wall coverings","5438758","0.00025582698657550696","5905","Textiles"
"Rubberized textile fabrics","189608336","0.008918751161290171","5906","Textiles"
"Other textile fabrics impregnated, coated or covered","65747784","0.003092628400590232","5907","Textiles"
"Textile wicks","6312038","0.00029690412051613436","5908","Textiles"
"Textile hosepiping and similar tubing","25957536","0.0012209843155009358","5909","Textiles"
"Transmission belts or belting, of textile material","31005614","0.0014584345904971963","5910","Textiles"
"Textile articles for technical use","543624192","0.025570863581153055","5911","Textiles"
"Pile fabrics, knit","58226196","0.00273882975900653","6001","Textiles"
"Other knitted fabrics","584022016","0.027471086679538324","6002","Textiles"
"Men's overcoats, knit","41025420","0.0019297438076109536","6101","Textiles"
"Women's overcoats, knit","24674498","0.001160633083620079","6102","Textiles"
"Men's suits, knit","67839744","0.0031910295103356003","6103","Textiles"
"Women's suits, knit","202268160","0.009514240908121394","6104","Textiles"
"Men's shirts, knit","68611104","0.0032273125559068284","6105","Textiles"
"Women's shirts, knit","46354376","0.0021804059542027796","6106","Textiles"
"Men's undergarments, knit","41266520","0.0019410846112398988","6107","Textiles"
"Women's undergarments, knit","88965296","0.004184728128274507","6108","Textiles"
"T-shirts, knit","595712384","0.028020975388945647","6109","Textiles"
"Sweaters, pullovers, sweatshirts etc., knit","428784032","0.020169039842967043","6110","Textiles"
"Babies' garments, knit","42115988","0.001981041682069732","6111","Textiles"
"Activewear, knit","29772098","0.0014004127625039905","6112","Textiles"
"Garments knit with impregnated fibers","12931995","0.000608292060661556","6113","Textiles"
"Other garments, knit","84735064","0.003985747496101632","6114","Textiles"
"Socks, stockings, etc., knit","161520224","0.007597549325952887","6115","Textiles"
"Gloves, knit","61725680","0.0029034376430655743","6116","Textiles"
"Other clothing accesories, knit","206885136","0.009731413111255166","6117","Textiles"
"Men's overcoats, not knit","121437360","0.005712141240056094","6201","Textiles"
"Womens overcoats, not knit","79381248","0.003733915990827867","6202","Textiles"
"Men's suits and pants","224845712","0.010576238351731096","6203","Textiles"
"Women's suits and pants","390984992","0.018391057719355907","6204","Textiles"
"Men's shirts","90602152","0.004261722165872436","6205","Textiles"
"Women's shirts","78330648","0.003684498121509867","6206","Textiles"
"Men's undergarments","16727365","0.0007868177589991327","6207","Textiles"
"Women's undergarments","38356664","0.0018042115067832087","6208","Textiles"
"Babies' garments","13711357","0.0006449515023781134","6209","Textiles"
"Garments made of textile felts and nonwoven fabric","217165696","0.010214987612107878","6210","Textiles"
"Activewear","223037760","0.010491196341766106","6211","Textiles"
"Brassieres","152140016","0.007156325365245045","6212","Textiles"
"Handkerchiefs","1207819","0.00005681309870721261","6213","Textiles"
"Shawls, scarves, etc.","13916936","0.0006546214777793367","6214","Textiles"
"Ties, bow ties and cravats","2993339","0.00014079995766844955","6215","Textiles"
"Gloves","25596654","0.0012040092350562197","6216","Textiles"
"Other clothing accesories","50726596","0.0023860653836617046","6217","Textiles"
"Blankets","38385936","0.001805588396056649","6301","Textiles"
"House linen","163743456","0.007702125176361794","6302","Textiles"
"Curtains","118268000","0.005563061649058858","6303","Textiles"
"Other furnishing articles","44145808","0.0020765198654878387","6304","Textiles"
"Bags for packing goods","145317744","0.006835420980942884","6305","Textiles"
"Tents, tarpaulins, etc.","128822696","0.006059530892937801","6306","Textiles"
"Other made up articles","1112031104","0.052307450766251075","6307","Textiles"
"Needlecraft sets of woven fabric and yarn","3022628","0.00014217764658378833","6308","Textiles"
"Used clothes and textiles","634847616","0.029861808989464982","6309","Textiles"
"Used or new rags textile scraps","48567872","0.0022845238449927243","6310","Textiles"
"Waterproof footwear","16690345","0.0007850764211710797","6401","Textiles"
"Other footwear of rubber or plastics","123933480","0.0058295531303683415","6402","Textiles"
"Leather footwear","261046464","0.012279040590022862","6403","Textiles"
"Textile footwear","242054016","0.011385678403374363","6404","Textiles"
"Other footwear","102521200","0.004822367469945319","6405","Textiles"
"Parts of footwear","358284256","0.016852888389210827","6406","Textiles"
"Hat forms","1147952","0.000053997089205536693","6501","Textiles"
"Hat shapes","147886","0.000006956225987018621","6502","Textiles"
"Hats","10774978","0.000506830815446722","6504","Textiles"
"Hats, knit","91198640","0.004289779624499655","6505","Textiles"
"Other headgear","161610016","0.007601772940384452","6506","Textiles"
"Headbands","25965374","0.0012213529974538337","6507","Textiles"
"Umbrellas","26174344","0.0012311824778948983","6601","Textiles"
"Walking sticks","1870705","0.00008799377043834894","6602","Textiles"
"Parts of umbrellas or walking sticks","4951410","0.00023290322893569285","6603","Textiles"
"Feathers or down","2262400","0.00010641822534270268","6701","Textiles"
"Artificial flowers","29183478","0.001372725396962432","6702","Textiles"
"Human animal hair prepared for use in wigs","10842832","0.000510022515527346","6703","Textiles"
"Wigs","69449976","0.003266771214645197","6704","Textiles"
"Flagstones, of natural stone","2394888","0.00011265016392085154","6801","Stone"
"Worked building stone","72147048","0.003393635436649039","6802","Stone"
"Worked slate","2819303","0.00013261369429073448","6803","Stone"
"Grindstones","205749904","0.00967801434234063","6804","Stone"
"Natural or artificial abrasive powder","475458272","0.022364491482827098","6805","Stone"
"Mineral wools and insulating materials","316887264","0.014905666667514372","6806","Stone"
"Asphalt","314000480","0.01476987881822702","6807","Stone"
"Panels of vegetable fibers","16700923","0.0007855739865828881","6808","Stone"
"Plaster articles","161936272","0.007617119291395506","6809","Stone"
"Articles of cement, of concrete or of artificial stone","219996496","0.010348142099510692","6810","Stone"
"Asbestos-cement or cellulose fiber-cement","136009600","0.006397586749279904","6811","Stone"
"Asbestos fibres","8435204","0.00039677309056031956","6812","Stone"
"Friction material and articles thereof","141964928","0.006677712030880728","6813","Stone"
"Mica articles","13917819","0.0006546630121202921","6814","Stone"
"Articles of stone or of other mineral substances","1146195200","0.05391445327100608","6815","Stone"
"Bricks, blocks, and other ceramic goods","7372382","0.00034678032575516485","6901","Stone"
"Bricks, tiles and similar refractory ceramic constructional goods","145731632","0.006854889344826654","6902","Stone"
"Other refractory ceramic goods","229102480","0.010776467177869535","6903","Stone"
"Ceramic building bricks","29148452","0.0013710778524252797","6904","Stone"
"Architectural ceramic ornaments","3223155","0.00015160998722792558","6905","Stone"
"Ceramic pipes","2936906","0.00013814547583024025","6906","Stone"
"Unglazed ceramic flags and pavers","41914472","0.0019715628210822144","6907","Stone"
"Glazed ceramic flags and pavers","867354","0.00004079838818241449","6908","Stone"
"Ceramic wares for technical ware","895976576","0.04214473000643174","6909","Stone"
"Ceramic sinks, washbasins, and similar sanitary fixtures","86321224","0.004060356907483166","6910","Stone"
"Porcelain or china household articles","37369468","0.0017577760195195","6911","Stone"
"Ceramic household articles","64706412","0.00304364459570976","6912","Stone"
"Ornamental ceramic articles","18257282","0.0008587816257166148","6913","Stone"
"Other ceramic articles","194165472","0.009133108624941755","6914","Stone"
"Cullet and other scraps of glass","82185440","0.0038658188975464864","7001","Stone"
"Glass balls","242678240","0.011415040501277618","7002","Stone"
"Glass, cast or rolled","172325680","0.008105813758210074","7003","Stone"
"Drawn and blown glass","140880096","0.006626683965006006","7004","Stone"
"Float glass","330029088","0.015523828614051738","7005","Stone"
"Worked glass","31901146","0.0015005584086450045","7006","Stone"
"Safety glass","463974528","0.02182432190327887","7007","Stone"
"Multiple-walled insulating glass","178816912","0.008411146762863435","7008","Stone"
"Glass mirrors","1360899712","0.06401367230394059","7009","Stone"
"Glass containers for conveyance","352935488","0.016601294330543113","7010","Stone"
"Glass envelopes","8815305","0.00041465218968999895","7011","Stone"
"Glassware for interior decorative use","192185312","0.009039966336622005","7013","Stone"
"Signaling glassware","61092624","0.002873660107677248","7014","Stone"
"Clock or watch glasses and similar glasses","5048663","0.0002374777920851155","7015","Stone"
"Glass paving blocks or other molded products","36231068","0.0017042282349853182","7016","Stone"
"Laboratory, hygienic or pharmaceutical glassware","201344304","0.009470784792495416","7017","Stone"
"Glass beads","44399000","0.002088429449695304","7018","Stone"
"Glass fibers","1124495488","0.052893747453516805","7019","Stone"
"Other articles of glass","194778592","0.009161948415572113","7020","Stone"
"Pearls","18185628","0.0008554111821528304","7101","Stone"
"Diamonds","9896015872","0.46548640694017784","7102","Stone"
"Precious stones","931358016","0.04380899364454583","7103","Stone"
"Synthetic precious stones","162146144","0.007626991199894942","7104","Stone"
"Diamond dust","56587032","0.0026617271582614604","7105","Stone"
"Silver","1907296000","0.08971492906790816","7106","Stone"
"Silver clad metals","21650456","0.0010183889256454514","7107","Stone"
"Gold","21059571712","0.9905950530712618","7108","Stone"
"Gold clad metals","12486692","0.0005873460055873952","7109","Stone"
"Platinum","9175954432","0.43161633065724336","7110","Stone"
"Platinum clad metals","15348651","0.0007219661425143648","7111","Stone"
"Scrap of precious metal","6500896768","0.30578761367869145","7112","Stone"
"Jewelry of precious metal","4987181056","0.2345858192372109","7113","Stone"
"Goldsmith and silversmith wares","14256531","0.0006705952654540427","7114","Stone"
"Other articles of precious metals","957258240","0.04502728213201864","7115","Stone"
"Articles of precious stones","227087760","0.010681699264608196","7116","Stone"
"Imitation jewelry","137065376","0.006447248086037072","7117","Stone"
"Coin","128293928","0.006034658831331538","7118","Stone"
"Pig iron","3366813","0.0001583673375710488","7201","Metals"
"Ferroalloys","162040416","0.007622017991740313","7202","Metals"
"Ferrous products from the reduction of iron ore","334638304","0.015740635804177793","7203","Metals"
"Ferrous waste and scrap","4635903488","0.2180625097476155","7204","Metals"
"Powders of iron or steel","169959888","0.007994532204917127","7205","Metals"
"Iron and nonalloy steel","17271220","0.0008123994792713018","7206","Metals"
"Semifinished products of iron or nonalloy steel","37769868","0.0017766099381135675","7207","Metals"
"Flat-rolled iron, width > 600mm, hot-rolled, not clad","1029019968","0.0484027929794752","7208","Metals"
"Flat-rolled iron, width > 600mm, cold-rolled, not clad","285625856","0.013435200100561505","7209","Metals"
"Flat rolled iron, width > 600mm, clad","955776640","0.04495759098868954","7210","Metals"
"Flat-rolled iron, width < 600mm, not clad","270327616","0.012715605178502298","7211","Metals"
"Flat-rolled iron, width < 600mm, clad","253530400","0.011925501785018364","7212","Metals"
"Hot rolled bars of iron","74308336","0.003495297580131394","7213","Metals"
"Other bars of iron, not further worked than forged","223513200","0.010513559973775006","7214","Metals"
"Other bars and rods of iron or nonalloy steel","117616992","0.0055324396918258745","7215","Metals"
"Angles of iron or nonalloy steel","359275232","0.01689950167920252","7216","Metals"
"Wire of iron or nonalloy steel","128287256","0.006034344995405316","7217","Metals"
"Stainless steel in ingots","67822592","0.0031902227186979245","7218","Metals"
"Flat-rolled products of stainless steel of a width > 600 mm","558564928","0.02627364231631652","7219","Metals"
"Flat-rolled products of stainless steel of a width < 600 mm","318291168","0.014971703165141459","7220","Metals"
"Bars of stainless steel, hot-rolled","12305614","0.0005788285023127285","7221","Metals"
"Other bars and rods of stainless steel","272088480","0.012798432274484375","7222","Metals"
"Wire of stainless steel","115582712","0.005436751720003847","7223","Metals"
"Other alloy steel in primary form","86405720","0.004064331409944515","7224","Metals"
"Flat-rolled products of other alloy steel, width > 600 mm","985823488","0.04637092737540362","7225","Metals"
"Flat-rolled products of other alloy steel, width < 600 mm","192430928","0.009051519562769358","7226","Metals"
"Bars of other alloy steel","26645166","0.0012533288895339991","7227","Metals"
"Other bars and rods of other alloy steel","386084256","0.018160538081805917","7228","Metals"
"Wire of other alloy steel","50735804","0.0023864985073440577","7229","Metals"
"Sheet piling of iron or steel","57065916","0.0026842527883114134","7301","Metals"
"Railway construction material of iron or steel","208802528","0.009821602933535177","7302","Metals"
"Tubes of cast iron","29211106","0.0013740249561605261","7303","Metals"
"Tubes, seamless, of iron or steel","596032384","0.028036027471738105","7304","Metals"
"Other tubes and pipes, diameter > 406.4 mm, of iron or steel","138202576","0.0065007394252607825","7305","Metals"
"Other tubes, pipes and hollow profiles of iron or steel","898890048","0.042281773199423986","7306","Metals"
"Tube or pipe fittings of iron or steel","1396869632","0.06570561672231001","7307","Metals"
"Structures and their parts, of iron or steel","947591040","0.04457255871085838","7308","Metals"
"Tanks etc. > 300 liters, iron or steel","240855712","0.011329312868941432","7309","Metals"
"Tanks etc. < 300 liters, iron or steel","554529792","0.02608383856272014","7310","Metals"
"Containers for compressed or liquified gas","340172384","0.016000946523990624","7311","Metals"
"Wire of iron or steel, not insulated","232525184","0.010937463502813563","7312","Metals"
"Barbed wire of iron or steel","4429486","0.00020835309375015325","7313","Metals"
"Cloth of iron or steel wire","131110200","0.006167129954175572","7314","Metals"
"Chain of iron or steel","311472576","0.01465097187979141","7315","Metals"
"Anchors of iron or steel","23710724","0.001115299314741261","7316","Metals"
"Nails and similar articles of iron or steel","57276348","0.0026941510379557363","7317","Metals"
"Screws and similar articles of iron or steel","3583737600","0.16857098456767877","7318","Metals"
"Articles for sewing of iron or steel","18589042","0.0008743868725516993","7319","Metals"
"Springs of iron or steel","600664000","0.02825388830765964","7320","Metals"
"Stoves and similar non-electric appliances of iron or steel","409082688","0.019242332777308403","7321","Metals"
"Radiators for central heating of iron or steel","363837568","0.017114103739199485","7322","Metals"
"Household articles of iron or steel","243850976","0.011470203374295431","7323","Metals"
"Sanitary ware and parts of iron or steel","104191752","0.0049009464918612945","7324","Metals"
"Other cast articles of iron or steel","219534848","0.010326427212270147","7325","Metals"
"Other articles of iron or steel","4006401024","0.18845212472828268","7326","Metals"
"Copper mattes","7009611","0.00032971639098421476","7401","Metals"
"Unrefined copper","32670522","0.0015367481313029198","7402","Metals"
"Refined copper and copper alloys","927106624","0.043609017693398304","7403","Metals"
"Copper waste and scrap","2595972864","0.12210874523722298","7404","Metals"
"Master alloys of copper","10826382","0.000509248744396296","7405","Metals"
"Copper powders and flakes","46811056","0.002201887157857971","7406","Metals"
"Copper bars, rods and profiles","257030272","0.012090127919727795","7407","Metals"
"Copper wire","907245888","0.04267481318530074","7408","Metals"
"Copper plates, sheets and strip > 0.15 mm","311213376","0.014638779692729517","7409","Metals"
"Copper foil < 0.15 mm thick","160748896","0.007561267785589939","7410","Metals"
"Copper tubes and pipes","233499104","0.010983274516792419","7411","Metals"
"Copper tube or pipe fittings","246101120","0.011576045104867181","7412","Metals"
"Copper wire, uninsulated","258459664","0.0121573633157493","7413","Metals"
"Screws and similar articles of copper","85926448","0.004041787529244176","7415","Metals"
"Household articles of copper","7798491","0.0003668235380883304","7418","Metals"
"Other articles of copper","233899056","0.011002087362470577","7419","Metals"
"Nickel mattes","8336723","0.0003921407650431808","7501","Metals"
"Nickel unwrought","188004352","0.008843303348897097","7502","Metals"
"Nickel waste and scrap","80560888","0.003789403612531927","7503","Metals"
"Nickel powders","64345652","0.0030266752538716086","7504","Metals"
"Nickel bars, wire etc.","708912704","0.03334566472886169","7505","Metals"
"Nickel plates","342197472","0.016096202124734435","7506","Metals"
"Nickel tubes and pipes","221611792","0.01042412200303048","7507","Metals"
"Other articles of nickel","608568640","0.028625704856799015","7508","Metals"
"Unwrought aluminum","830040640","0.03904325135746161","7601","Metals"
"Waste or scrap, aluminium","2111454848","0.09931810370200055","7602","Metals"
"Aluminum powders","24583550","0.0011563550935394264","7603","Metals"
"Aluminum bars","738285632","0.034727301429214846","7604","Metals"
"Aluminum wire","76868792","0.0036157356916890647","7605","Metals"
"Aluminum plates > 0.2 mm","2292312576","0.10782524587547704","7606","Metals"
"Aluminum foil < 0.2 mm","499538336","0.02349716372337638","7607","Metals"
"Aluminum tubes and pipes","258490272","0.0121588030474684","7608","Metals"
"Aluminum tube or pipe fittings","130436624","0.0061354464488036515","7609","Metals"
"Aluminum structures (bridges, towers etc)","362762368","0.017063528741016812","7610","Metals"
"Aluminum containers, >300 liters","19264224","0.0009061459205641359","7611","Metals"
"Aluminum containers, <300 liters","520852224","0.02449972124464279","7612","Metals"
"Aluminum containers for compressed or liquefied gas","109602128","0.005155438452768627","7613","Metals"
"Aluminum wire, not insulated","17790044","0.0008368037974047896","7614","Metals"
"Household articles of aluminum","107901920","0.005075464479079861","7615","Metals"
"Other articles of aluminum","1095481984","0.05152901725255614","7616","Metals"
"Lead refined unwrought","45901976","0.0021591260721549373","7801","Metals"
"Lead waste or scrap","68991872","0.0032452230292215785","7802","Metals"
"Lead foil <2mm","16375289","0.0007702568930577618","7804","Metals"
"Other articles of lead","18893512","0.0008887084589511392","7806","Metals"
"Unwrought zinc","72783040","0.0034235510748969866","7901","Metals"
"Zinc waste and scrap","28304976","0.001331402631845735","7902","Metals"
"Zinc powders","49416300","0.0023244319965534826","7903","Metals"
"Zinx bars and wire","29503068","0.0013877581942738156","7904","Metals"
"Zinc plates and foil","20189386","0.0009496634675030086","7905","Metals"
"Other articles of zinc","64103752","0.003015296820035682","7907","Metals"
"Unwrought tin","49503348","0.002328526539375102","8001","Metals"
"Tin waste and scrap","1786895","0.0000840515358794858","8002","Metals"
"Tin bars and wire","60856168","0.0028625377473998283","8003","Metals"
"Other articles of tin","27709462","0.0013033909879955168","8007","Metals"
"Tungsten (wolfram)","98220648","0.0046200791425788","8101","Metals"
"Molybdenum","42584060","0.0020030587398723355","8102","Metals"
"Tantalum","234321200","0.011021944070090392","8103","Metals"
"Magnesium","86616440","0.004074243206463352","8104","Metals"
"Cobalt","244960400","0.011522388192732755","8105","Metals"
"Bismuth","9633878","0.00045315602896397886","8106","Metals"
"Cadmium","724438","0.00003407593985626628","8107","Metals"
"Titanium","1386320000","0.06520938567764126","8108","Metals"
"Zirconium","124331464","0.005848273405737326","8109","Metals"
"Antimony","4505998","0.0002119520467458308","8110","Metals"
"Manganese","5898464","0.00027745052648860477","8111","Metals"
"Other metals","159858832","0.0075194011699068475","8112","Metals"
"Cermets","60011724","0.0028228169942698367","8113","Metals"
"Handtools for gardening","25676488","0.0012077644474863865","8201","Metals"
"Handsaws","255068400","0.011997845857939633","8202","Metals"
"Pliers, pincers and other metal handtools","143647008","0.006756833304079302","8203","Metals"
"Wrenches","188574784","0.00887013519168294","8204","Metals"
"Hand tools n.e.c.","496218016","0.023340983312321803","8205","Metals"
"Retail tool sets","40068920","0.0018847521913891118","8206","Metals"
"Interchangeable tools for hand tools","1552594944","0.07303058637576594","8207","Metals"
"Knives and blades for machines","248429712","0.011685576853535506","8208","Metals"
"Articles for utensils, of cermet","374109696","0.017597281617670612","8209","Metals"
"Hand-operated appliances, food preparation, <10kg","19257908","0.0009058488300800197","8210","Metals"
"Knife sets","118830176","0.0055895051481086545","8211","Metals"
"Razors","271286400","0.012760704228965072","8212","Metals"
"Scissors","17017358","0.0008004583797654899","8213","Metals"
"Other cutlery","31609742","0.0014868514176010843","8214","Metals"
"Cutlery","26188448","0.001231845898443976","8215","Metals"
"Padlocks and locks","646503552","0.030410078094763832","8301","Metals"
"Base metal mountings, fittings and similar articles","2418781184","0.11377404574505004","8302","Metals"
"Safes","37924020","0.0017838609026967658","8303","Metals"
"Paper trays and similar office equipment, of base metal","8749837","0.0004115727217016962","8304","Metals"
"Paper clips and similar office articles, of metal","26524460","0.0012476511498291654","8305","Metals"
"Ornaments, statuettes, etc. of metal","36702656","0.0017264106775476038","8306","Metals"
"Flexible tubing of base metal","230313952","0.010833452105509374","8307","Metals"
"Clasps, buckles etc. of metal","102116496","0.0048033311008376925","8308","Metals"
"Stoppers, caps and lids of metal","462501024","0.02175501157764442","8309","Metals"
"Sign plates and similar plates of base metal","55286568","0.0026005562463970364","8310","Metals"
"Wire etc. used for welding","263534320","0.012396063760296993","8311","Metals"
"Nuclear reactors and related equipment","261353808","0.012293497362940881","8401","Machinery"
"Steam boilers","180365456","0.008483986801912716","8402","Machinery"
"Central heating boilers","112676784","0.005300063379863435","8403","Machinery"
"Auxiliary parts for use with boilers","54173984","0.0025482227886421366","8404","Machinery"
"Water gas generators","62978860","0.002962384421546377","8405","Machinery"
"Steam turbines","316233760","0.014874927304035605","8406","Machinery"
"Spark-ignition reciprocating internal combustion piston engines","5843925504","0.2748851578724537","8407","Machinery"
"Compression-ignition internal combustion piston engines","6108138496","0.2873131448425411","8408","Machinery"
"Parts suitable for use with spark-ignition engines","4798365184","0.2257043438063521","8409","Machinery"
"Hydraulic turbines, water wheels and regulators","55793696","0.0026244104109044595","8410","Machinery"
"Gas turbines","18566838272","0.8733424589512078","8411","Machinery"
"Other engines and motors","2444107520","0.11496533982724283","8412","Machinery"
"Pumps for liquids","7104340992","0.33417227749206857","8413","Machinery"
"Pumps, compressors, fans, etc.","5599333888","0.2633801164525352","8414","Machinery"
"Air conditioners","2298772992","0.1081291293645575","8415","Machinery"
"Furnace burners","187282640","0.00880935563397112","8416","Machinery"
"Industrial furnaces","214304112","0.010080385114340432","8417","Machinery"
"Refrigerators, freezers","2053649408","0.09659906536220471","8418","Machinery"
"Equipment for temperature change of materials","3445960192","0.1620902440922202","8419","Machinery"
"Calendering or other rolling machines, other than for metals or glass","57672688","0.0027127939832493745","8420","Machinery"
"Centrifuges","9493888000","0.44657121311986425","8421","Machinery"
"Dish washing machines","1164584960","0.05477946636492326","8422","Machinery"
"Weighing machinery","265560720","0.012491381074580256","8423","Machinery"
"Sprays and powder dispersers","2397437440","0.11277008386445908","8424","Machinery"
"Pulleys and winches","495622784","0.023312984933119542","8425","Machinery"
"Ships' derricks; cranes","424929440","0.01998772847448217","8426","Machinery"
"Fork-lift trucks","1596093952","0.07507668221890951","8427","Machinery"
"Other lifting machinery","1513216384","0.0711783071714912","8428","Machinery"
"Self-propelled bulldozers, excavators and road rollers","3577625856","0.168283501828009","8429","Machinery"
"Other moving, excavating or boring machinery","963784704","0.045334272370987444","8430","Machinery"
"Parts for use with hoists and excavation machinery","5246957056","0.24680510004813114","8431","Machinery"
"Machinery for soil preparation or cultivation","548716544","0.025810396405879166","8432","Machinery"
"Harvesting or agricultural machinery","2747733504","0.12924722560571342","8433","Machinery"
"Dairy machinery","132802400","0.0062467272494924585","8434","Machinery"
"Machines for wine and juice production","13254837","0.000623477824764318","8435","Machinery"
"Other agricultural machinery","637205120","0.029972700693813605","8436","Machinery"
"Machinery for processing grain","100936600","0.004747831437467398","8437","Machinery"
"Machinery for the industrial preparation of food or drink","863758016","0.04062924115463835","8438","Machinery"
"Machinery for making paper","244969728","0.011522826960946154","8439","Machinery"
"Bookbinding machinery","23358600","0.0010987361909874712","8440","Machinery"
"Other machinery for making paper","463901760","0.021820899059651865","8441","Machinery"
"Machinery for making printing components","73793968","0.0034711028622507914","8442","Machinery"
"Printers and copiers","2520149504","0.11854218432371481","8443","Machinery"
"Machines to extrude, cut manmade textile fibres","32516834","0.0015295189922397703","8444","Machinery"
"Machines for preparing textile fibers","24965748","0.0011743328308491553","8445","Machinery"
"Looms","9606032","0.0004518462155344824","8446","Machinery"
"Knitting machines","46243704","0.002175200191369007","8447","Machinery"
"Auxiliary machinery for use with knitting and textile machines","115847296","0.005449197158358725","8448","Machinery"
"Machinery to manufacture felt","24026074","0.0011301326719556444","8449","Machinery"
"Household- or laundry-type washing machines","373496000","0.017568414733291227","8450","Machinery"
"Machinery for processing fabrics","347250688","0.016333894079735033","8451","Machinery"
"Sewing machines","151062928","0.007105661559773899","8452","Machinery"
"Machinery for preparing leather","11320235","0.0005324784826566257","8453","Machinery"
"Machines used in metallurgy","148757312","0.006997210550650075","8454","Machinery"
"Metal-rolling mills","209588272","0.009858562570227927","8455","Machinery"
"Machines for working materials by laser and similar means","263458464","0.01239249566407104","8456","Machinery"
"Machining centers for working metal","371785344","0.017487949309099287","8457","Machinery"
"Lathes for removing metal","261110032","0.012282030686269584","8458","Machinery"
"Machine tools for drilling by removing metal","131481408","0.006184590746516898","8459","Machinery"
"Machines with grinding stones for finishing metal","154097024","0.007248378635374762","8460","Machinery"
"Other machine tools for planing and cutting metals","108235832","0.005091170951171725","8461","Machinery"
"Machine tools for molding and forging metals","477247936","0.022448673266260495","8462","Machinery"
"Other machine tools for working metal, without removal","76226576","0.0035855272904308042","8463","Machinery"
"Machine tools for working stone","78633416","0.0036987396496439544","8464","Machinery"
"Machine tools for working wood","154635808","0.00727372182717243","8465","Machinery"
"Parts and accessories for metal working machines","1764798336","0.08301215832959456","8466","Machinery"
"Tools for hand working, pneumatic, hydraulic motors","585354880","0.027533781614785487","8467","Machinery"
"Machinery for soldering","66211492","0.003114440185613753","8468","Machinery"
"Word processing machines","134083","0.00000630696380331754","8469","Machinery"
"Cash registers, calculators, etc.","176406528","0.008297767701833358","8470","Machinery"
"Computers","17799837696","0.8372644709142776","8471","Machinery"
"Other office machines","149185648","0.007017358516071924","8472","Machinery"
"Parts and accessories for office machines","20128518144","0.9468003799782848","8473","Machinery"
"Machinery for working minerals","907751296","0.04269858644486316","8474","Machinery"
"Machines for assembling electric lamps","779171968","0.036650503037191084","8475","Machinery"
"Automatic goods-vending machines","92924416","0.004370956259603539","8476","Machinery"
"Machinery for working rubber or plastics","1249125248","0.058756052034531187","8477","Machinery"
"Machinery for preparing tobacco","42227904","0.0019863059598753605","8478","Machinery"
"Machines n.e.c.","13299378176","0.625572941854398","8479","Machinery"
"Molding boxes for metal foundry","897067584","0.04219604857750436","8480","Machinery"
"Appliances for thermostatically controlled valves","10307553280","0.4848442042445872","8481","Machinery"
"Ball or roller bearings","1856286848","0.08731557288329175","8482","Machinery"
"Transmission shafts","5451720704","0.25643672311870125","8483","Machinery"
"Gaskets and similar joints of metal sheeting","554277888","0.026071989563145916","8484","Machinery"
"Machinery parts, not containing electrical features, n.e.c.","1011853888","0.0475953390501564","8485","Machinery"
"Electric motors and generators","4118549248","0.19372732583039368","8501","Electronics"
"Electric generating sets and rotary converters","1365265664","0.06421903690072782","8502","Electronics"
"Parts for use with electric generators","1015295168","0.04775720914850653","8503","Electronics"
"Electrical transformers","5414774784","0.2546988698478148","8504","Electronics"
"Electromagnets","380816992","0.017912777788625444","8505","Electronics"
"Primary cells and primary batteries","793384704","0.03731903828400171","8506","Electronics"
"Batteries","3325343744","0.15641671671275575","8507","Electronics"
"Vacuum cleaners","602647744","0.028347199179306667","8508","Electronics"
"Electromechanical domestic appliances","798263808","0.03754854040075493","8509","Electronics"
"Electric shavers and hair clippers","206705456","0.0097229613667672","8510","Electronics"
"Electrical ignition equipment","1788292480","0.08411727020655084","8511","Electronics"
"Electrical lighting equipment used for motor vehicles","2021436800","0.09508385647915125","8512","Electronics"
"Portable electric lamps","109421416","0.0051469381653136545","8513","Electronics"
"Industrial electric furnaces","571989312","0.02690509525195963","8514","Electronics"
"Electric soldering machines","813761280","0.038277506749560715","8515","Electronics"
"Electric heaters","1393658880","0.06555459014440357","8516","Electronics"
"Telephones","3129305856","0.14719553383577044","8517","Electronics"
"Microphones","2519559168","0.11851441624137926","8518","Electronics"
"Sound reproducing apparatus","54469116","0.002562105136450589","8519","Electronics"
"Magnetic tape recorders","55902136","0.002629511185460755","8520","Electronics"
"Video recording apparatus","1768082432","0.08316663484487703","8521","Electronics"
"Parts and accessories for video or sound equipment","249979520","0.011758476348311815","8522","Electronics"
"Sound storage media","5560634368","0.26155977776794603","8523","Electronics"
"Tapes, cassettes, records and compact disks","231018784","0.01086660582306805","8524","Electronics"
"Transmission apparatus for radio, telephone and TV","24381847552","1.1468674624558697","8525","Electronics"
"Radar","1975908864","0.09294232441027037","8526","Electronics"
"Reception apparatus for radio broadcasting","876221952","0.04121551676898816","8527","Electronics"
"Monitors and projectors","2526375936","0.11883506172985742","8528","Electronics"
"Parts of radios, telephones, and T.V.s","2733385216","0.1285723142966319","8529","Electronics"
"Electric signal and traffic controls","185983296","0.00874823740439647","8530","Electronics"
"Electric sound or visual signaling apparatus","1461759872","0.06875790817513093","8531","Electronics"
"Electrical capacitors","1634613632","0.07688856163296927","8532","Electronics"
"Electrical resistors","859701184","0.04043841686982863","8533","Electronics"
"Electronic printed circuits","1190478720","0.05599745080032366","8534","Electronics"
"Electrical apparatus for > 1k volts","721666880","0.033945592582304264","8535","Electronics"
"Electrical apparatus for < 1k volts","8518170624","0.40067565460237897","8536","Electronics"
"Electrical boards","4888932864","0.22996444448660572","8537","Electronics"
"Parts for electrical apparatus","3764626944","0.1770796138869352","8538","Electronics"
"Electrical filament","358568352","0.016866251628313973","8539","Electronics"
"Thermionic, cold cathode or photocathode tubes","312459168","0.014697378956248848","8540","Electronics"
"Semiconductor devices","5879243776","0.2765464502294246","8541","Electronics"
"Electronic integrated circuits","44789907456","2.1068168602949995","8542","Electronics"
"Electrical machines with individual functions n.e.c.","4186710272","0.1969334676318529","8543","Electronics"
"Insulated electrical wire","8952041472","0.4210839668690398","8544","Electronics"
"Carbon articles for eletrical purposes","282767744","0.013300760917892354","8545","Electronics"
"Electrical insulators of any material","202024672","0.00950278777832461","8546","Electronics"
"Insulating fittings for electrical machines","666025216","0.03132833341593451","8547","Electronics"
"Waste and scrap of batteries","153091888","0.007201099290719502","8548","Electronics"
"Electric trains","3461355","0.00016281438135656412","8601","Vehicles"
"Other rail locomotives","409237408","0.019249610459338557","8602","Vehicles"
"Self-propelled railway coaches","111415880","0.005240753281734229","8603","Vehicles"
"Railway service vehicles","121191904","0.005700595539950137","8604","Vehicles"
"Railway coaches, not self-propelled","9603770","0.00045173981612424316","8605","Vehicles"
"Railway cars, not self-propelled","582475328","0.027398333942569242","8606","Vehicles"
"Parts of railway locomotives","944135872","0.04441003535211505","8607","Vehicles"
"Railway track fixtures","74129208","0.003486871800486244","8608","Vehicles"
"Containers for multimodal transportation","394051552","0.018535301828756064","8609","Vehicles"
"Tractors","3808855808","0.1791600405205118","8701","Vehicles"
"Buses","794955904","0.03739294401051269","8702","Vehicles"
"Cars","44460650496","2.0913293508515176","8703","Vehicles"
"Motor vehicles for transporting goods","13900146688","0.6538317461722977","8704","Vehicles"
"Special purpose motor vehicles","1402802560","0.06598468835811536","8705","Vehicles"
"Vehicle chassis fitted with engines","47622436","0.002240052654533432","8706","Vehicles"
"Vehicle Bodies","756554880","0.03558664590875238","8707","Vehicles"
"Parts of motor vehicles","32168071168","1.5131139702954035","8708","Vehicles"
"Work trucks","197678416","0.009298349637233257","8709","Vehicles"
"Tanks and other armored fighting vehicles","885181632","0.04163696003509429","8710","Vehicles"
"Motorcycles","596353728","0.028051142773278293","8711","Vehicles"
"Bicycles","90833096","0.004272585254023756","8712","Vehicles"
"Wheelchairs","67708656","0.0031848634246196684","8713","Vehicles"
"Parts of motorcycles or wheelchairs","616994880","0.029022056300890116","8714","Vehicles"
"Baby carriages","29137094","0.0013705435975616648","8715","Vehicles"
"Trailers and semi-trailers","2724771328","0.1281671363111913","8716","Vehicles"
"Gliders, hang gliders","4641846","0.00021834203219330052","8801","Vehicles"
"Other aircraft and spacecraft","18309117952","0.8612198727201462","8802","Vehicles"
"Parts of other aircraft","10042212352","0.47236316169307296","8803","Vehicles"
"Parachutes","67434520","0.0031719686815934365","8804","Vehicles"
"Aircraft launching gear","221579200","0.010422588948398067","8805","Vehicles"
"Cargo ships and similar vessels","129614680","0.006096784045245005","8901","Vehicles"
"Fishing vessels","9372049","0.00044084017963439326","8902","Vehicles"
"Pleasure or sport boats","1348514432","0.06343109649154116","8903","Vehicles"
"Tugs and pusher craft","9391342","0.00044174767911350256","8904","Vehicles"
"Special function vessels, n.e.c.","362570816","0.017054518564257243","8905","Vehicles"
"Other vessels","194532080","0.009150353043592938","8906","Vehicles"
"Other floating structures","146583600","0.006894964010053302","8907","Vehicles"
"Floating structures for scrapping","24207132","0.0011386492344751366","8908","Vehicles"
"Optical fibers","3082725632","0.14500450449783484","9001","Machinery"
"Lenses and other optical elements","539369280","0.02537072205709481","9002","Machinery"
"Frames for spectacles, goggles","159105600","0.007483970824825811","9003","Machinery"
"Glasses","452454656","0.021282452943583375","9004","Machinery"
"Binoculars and telescopes","182802592","0.00859862421706424","9005","Machinery"
"Photographic cameras","155325760","0.007306175622881256","9006","Machinery"
"Cinematographic cameras and projectors","54192112","0.0025490754891323293","9007","Machinery"
"Still image projectors","19766754","0.0009297838054569349","9008","Machinery"
"Electrostatic photo-copyers","77480344","0.0036445017271137382","9009","Machinery"
"Apparatus and equipment for photographic laboratories, n.e.c.","12531454976","0.5894515556523607","9010","Machinery"
"Optical microscopes","195274272","0.009185264091817635","9011","Machinery"
"Microscopes, other than optical","272481888","0.012816937305069429","9012","Machinery"
"Liquid crystal devices","2799499264","0.13168217093488432","9013","Machinery"
"Navigational instruments","1316793088","0.06193899556599068","9014","Machinery"
"Surveying instruments","1400421760","0.06587270086213945","9015","Machinery"
"Balances of a sensitivity < 50 milligram","14633224","0.0006883140599019824","9016","Machinery"
"Drafting tables and machines","271128864","0.012753294088606343","9017","Machinery"
"Medical instruments","27144370176","1.2768103351199196","9018","Machinery"
"Therapy applicances","2112616064","0.09937272470003783","9019","Machinery"
"Other breathing appliances and gas masks","443721696","0.020871674078135703","9020","Machinery"
"Orthopedic appliances","9221596160","0.43376321524676525","9021","Machinery"
"X-ray machines","3587210496","0.16873434181180882","9022","Machinery"
"Instruments designed for demonstrational purposes","404955840","0.019048215096783703","9023","Machinery"
"Machines for testing the mechanical properties of materials","581548480","0.027354737089969158","9024","Machinery"
"Thermometers, hydrometers etc.","784061632","0.03688050187267646","9025","Machinery"
"Instruments for measuring properties of liquids or gases","3104405248","0.14602426504452473","9026","Machinery"
"Instruments for physical or chemical analysis","8974276608","0.4221298578314575","9027","Machinery"
"Gas, liquid or electricity meters","651076608","0.03062518439953434","9028","Machinery"
"Meters","372907136","0.017540715890536542","9029","Machinery"
"Instruments for measuring electricity","5150117888","0.2422500026284777","9030","Machinery"
"Measuring instruments","4876245504","0.2293676595080502","9031","Machinery"
"Automatic regulating instruments","2788690176","0.13117373566148743","9032","Machinery"
"Other parts for machines and appliances","464921760","0.021868877573552832","9033","Machinery"
"Watches with precious metal","632821376","0.029766499201223116","9101","Machinery"
"Watches","462712160","0.02176494294187089","9102","Machinery"
"Clocks with watch movements","3803564","0.00017891112573258113","9103","Machinery"
"Instrument panel clocks for vehicles","5795418","0.0002726034736028798","9104","Machinery"
"Other clocks","21624392","0.0010171629335020054","9105","Machinery"
"Apparatus for measuring intervals of time","26793354","0.001260299320924153","9106","Machinery"
"Time switches","15297774","0.0007195730024636396","9107","Machinery"
"Watch movements, complete","16988834","0.0007991166747355768","9108","Machinery"
"Clock movements, complete","1810739","0.0000851731041985591","9109","Machinery"
"Clock movements, complete, unassembled","2356178","0.00011082933228055097","9110","Machinery"
"Watch cases and parts","6462908","0.00030400070717519266","9111","Machinery"
"Clock cases","547631","0.00002575933484912023","9112","Machinery"
"Watch straps","16877610","0.000793884947058987","9113","Machinery"
"Other clock or watch parts","8142058","0.000382984159740698","9114","Machinery"
"Pianos","27717948","0.0013037901504160691","9201","Machinery"
"Musical instruments, string","125094232","0.005884152302885577","9202","Machinery"
"Musical instruments, wind","32318512","0.0015201903698536248","9205","Machinery"
"Musical instruments, percussion","41054060","0.0019310909690208788","9206","Machinery"
"Musical instruments, electric","211807088","0.009962930701894296","9207","Machinery"
"Other musical instruments, n.e.c.","12546889","0.0005901775375494508","9208","Machinery"
"Parts of musical instruments","216969808","0.010205773479626474","9209","Machinery"
"Military weapons, other than pistols and swords","472310112","0.02221640909231486","9301","Machinery"
"Revolvers and pistols","184162816","0.008662606105390156","9302","Machinery"
"Other firearms","122247656","0.0057502557478010955","9303","Machinery"
"Other arms (air guns, truncheons, etc.)","53332212","0.002508627720403462","9304","Machinery"
"Parts of military weapons","589757888","0.02774088924276008","9305","Machinery"
"Munitions of war","2540284672","0.11948929749801519","9306","Machinery"
"Swords","6204395","0.00029184083505354397","9307","Machinery"
"Seats","3203645696","0.15069231329345278","9401","Textiles"
"Medical, dental or veterinary furniture","679397568","0.03195733888291556","9402","Textiles"
"Other furniture and parts","2391121408","0.1124729918751346","9403","Textiles"
"Mattresses and bedding","426794848","0.020075473085912544","9404","Textiles"
"Lamps","1421554688","0.06686674643058672","9405","Textiles"
"Prefabricated buildings","405378368","0.01906808986690287","9406","Textiles"
"Toys","1038044544","0.048827288807971644","9503","Machinery"
"Games","1938422528","0.09117905118196401","9504","Machinery"
"Christmas and other festivity articles","148031856","0.006963086726355425","9505","Machinery"
"Sports equipment","1693231360","0.07964580817972547","9506","Machinery"
"Fishing and hunting equipment","131344968","0.006178172914716262","9507","Machinery"
"Fairground amusements","140101136","0.006590043432468456","9508","Machinery"
"Worked animal carving material","2678001","0.00012596716490717076","9601","Machinery"
"Worked vegetable or mineral carving material","99057944","0.004659463669809415","9602","Machinery"
"Brooms and mops","415299008","0.01953473453763476","9603","Machinery"
"Hand sieves and riddles","3485464","0.0001639484146816999","9604","Machinery"
"Travel sets","4140294","0.000194750150228536","9605","Machinery"
"Buttons","43335604","0.0020384096852166405","9606","Machinery"
"Slide fasteners","102358576","0.00481471800147019","9607","Machinery"
"Pens","257321536","0.012103828325485493","9608","Machinery"
"Pencils, crayons, pastels, etc.","41073920","0.001932025138909186","9609","Machinery"
"Slates and boards, with writing or drawing surfaces","21248482","0.0009994809696191487","9610","Machinery"
"Hand-operated stamps","12888703","0.0006062557020107708","9611","Machinery"
"Typewriter ribbons and ink pads","95885840","0.004510255007202234","9612","Machinery"
"Cigarette lighters","124887608","0.005874433173026484","9613","Machinery"
"Smoking pipes","12267644","0.0005770424786138854","9614","Machinery"
"Combs, hair-slides etc.","24720020","0.0011627743364728239","9615","Machinery"
"Scent sprays","89931712","0.0042301861709118805","9616","Machinery"
"Vacuum vessels","105776352","0.004975482524339215","9617","Machinery"
"Mannequins","9986714","0.0004697526436019818","9618","Machinery"
"Paintings and drawings","5014763520","0.23588323652392368","9701","Textiles"
"Original engravings","185046432","0.008704169421604981","9702","Textiles"
"Sculptures","922311360","0.04338345922233671","9703","Textiles"
"Postage or revenue stamps","5257844","0.0002473171974932714","9704","Textiles"
"Collectors pieces","292397568","0.013753726255782457","9705","Textiles"
"Antiques >100 years","529110176","0.024888156798393332","9706","Textiles"
"Commodities not specified according to kind","99046727680","4.658936079255457","9999","Other"
"Travel and tourism","72812003328","3.4249134449313656","travel","Services"
"Transport","56705003520","2.6672762741558116","transport","Services"
"ICT","411356004352","19.349264483382655","ict","Services"
"Insurance and finance","164774002688","7.750599782828271","financial","Services"